instance,group,path,n,m,tasks_per_station,time_dist,seed,os_target,os,n_arcs,total_time
n50_os0.2_r3_uniform_00,n50_os0.2_r3_uniform,instances_pilot/n50_os0.2_r3_uniform/n50_os0.2_r3_uniform_00.alb,50,17,3,uniform,399656988,0.2,0.2041,80,2531
n50_os0.2_r3_uniform_01,n50_os0.2_r3_uniform,instances_pilot/n50_os0.2_r3_uniform/n50_os0.2_r3_uniform_01.alb,50,17,3,uniform,1624602762,0.2,0.2024,83,2475
n50_os0.2_r3_uniform_02,n50_os0.2_r3_uniform,instances_pilot/n50_os0.2_r3_uniform/n50_os0.2_r3_uniform_02.alb,50,17,3,uniform,4191955248,0.2,0.2008,77,2514
n50_os0.2_r3_uniform_03,n50_os0.2_r3_uniform,instances_pilot/n50_os0.2_r3_uniform/n50_os0.2_r3_uniform_03.alb,50,17,3,uniform,2396723622,0.2,0.2065,85,2544
n50_os0.2_r3_uniform_04,n50_os0.2_r3_uniform,instances_pilot/n50_os0.2_r3_uniform/n50_os0.2_r3_uniform_04.alb,50,17,3,uniform,280988677,0.2,0.2057,85,2793
n50_os0.2_r6_uniform_00,n50_os0.2_r6_uniform,instances_pilot/n50_os0.2_r6_uniform/n50_os0.2_r6_uniform_00.alb,50,8,6,uniform,1720050782,0.2,0.2008,85,2909
n50_os0.2_r6_uniform_01,n50_os0.2_r6_uniform,instances_pilot/n50_os0.2_r6_uniform/n50_os0.2_r6_uniform_01.alb,50,8,6,uniform,293786824,0.2,0.2073,74,2299
n50_os0.2_r6_uniform_02,n50_os0.2_r6_uniform,instances_pilot/n50_os0.2_r6_uniform/n50_os0.2_r6_uniform_02.alb,50,8,6,uniform,2290845042,0.2,0.2049,64,2588
n50_os0.2_r6_uniform_03,n50_os0.2_r6_uniform,instances_pilot/n50_os0.2_r6_uniform/n50_os0.2_r6_uniform_03.alb,50,8,6,uniform,4287411684,0.2,0.2016,85,2899
n50_os0.2_r6_uniform_04,n50_os0.2_r6_uniform,instances_pilot/n50_os0.2_r6_uniform/n50_os0.2_r6_uniform_04.alb,50,8,6,uniform,1642602567,0.2,0.2016,79,2341
n50_os0.6_r3_uniform_00,n50_os0.6_r3_uniform,instances_pilot/n50_os0.6_r3_uniform/n50_os0.6_r3_uniform_00.alb,50,17,3,uniform,243189511,0.6,0.6016,177,2468
n50_os0.6_r3_uniform_01,n50_os0.6_r3_uniform,instances_pilot/n50_os0.6_r3_uniform/n50_os0.6_r3_uniform_01.alb,50,17,3,uniform,2038036369,0.6,0.6,153,2684
n50_os0.6_r3_uniform_02,n50_os0.6_r3_uniform,instances_pilot/n50_os0.6_r3_uniform/n50_os0.6_r3_uniform_02.alb,50,17,3,uniform,3765478955,0.6,0.6008,150,2595
n50_os0.6_r3_uniform_03,n50_os0.6_r3_uniform,instances_pilot/n50_os0.6_r3_uniform/n50_os0.6_r3_uniform_03.alb,50,17,3,uniform,2541196989,0.6,0.6171,171,2397
n50_os0.6_r3_uniform_04,n50_os0.6_r3_uniform,instances_pilot/n50_os0.6_r3_uniform/n50_os0.6_r3_uniform_04.alb,50,17,3,uniform,152240926,0.6,0.6049,145,2759
n50_os0.6_r6_uniform_00,n50_os0.6_r6_uniform,instances_pilot/n50_os0.6_r6_uniform/n50_os0.6_r6_uniform_00.alb,50,8,6,uniform,2133420869,0.6,0.6024,140,2580
n50_os0.6_r6_uniform_01,n50_os0.6_r6_uniform,instances_pilot/n50_os0.6_r6_uniform/n50_os0.6_r6_uniform_01.alb,50,8,6,uniform,137255891,0.6,0.6024,184,2728
n50_os0.6_r6_uniform_02,n50_os0.6_r6_uniform,instances_pilot/n50_os0.6_r6_uniform/n50_os0.6_r6_uniform_02.alb,50,8,6,uniform,2435254889,0.6,0.6041,154,2596
n50_os0.6_r6_uniform_03,n50_os0.6_r6_uniform,instances_pilot/n50_os0.6_r6_uniform/n50_os0.6_r6_uniform_03.alb,50,8,6,uniform,3860871935,0.6,0.6,150,2688
n50_os0.6_r6_uniform_04,n50_os0.6_r6_uniform,instances_pilot/n50_os0.6_r6_uniform/n50_os0.6_r6_uniform_04.alb,50,8,6,uniform,2017767260,0.6,0.6016,163,2453
n100_os0.2_r3_uniform_00,n100_os0.2_r3_uniform,instances_pilot/n100_os0.2_r3_uniform/n100_os0.2_r3_uniform_00.alb,100,33,3,uniform,1672641368,0.2,0.203,228,4687
n100_os0.2_r3_uniform_01,n100_os0.2_r3_uniform,instances_pilot/n100_os0.2_r3_uniform/n100_os0.2_r3_uniform_01.alb,100,33,3,uniform,347425742,0.2,0.2101,223,5198
n100_os0.2_r3_uniform_02,n100_os0.2_r3_uniform,instances_pilot/n100_os0.2_r3_uniform/n100_os0.2_r3_uniform_02.alb,100,33,3,uniform,2377914996,0.2,0.2016,247,5316
n100_os0.2_r3_uniform_03,n100_os0.2_r3_uniform,instances_pilot/n100_os0.2_r3_uniform/n100_os0.2_r3_uniform_03.alb,100,33,3,uniform,4206570210,0.2,0.2026,202,4739
n100_os0.2_r3_uniform_04,n100_os0.2_r3_uniform,instances_pilot/n100_os0.2_r3_uniform/n100_os0.2_r3_uniform_04.alb,100,33,3,uniform,1692385089,0.2,0.2036,218,4943
n100_os0.2_r6_uniform_00,n100_os0.2_r6_uniform,instances_pilot/n100_os0.2_r6_uniform/n100_os0.2_r6_uniform_00.alb,100,17,6,uniform,317052698,0.2,0.2032,246,4646
n100_os0.2_r6_uniform_01,n100_os0.2_r6_uniform,instances_pilot/n100_os0.2_r6_uniform/n100_os0.2_r6_uniform_01.alb,100,17,6,uniform,1709369228,0.2,0.2012,216,5172
n100_os0.2_r6_uniform_02,n100_os0.2_r6_uniform,instances_pilot/n100_os0.2_r6_uniform/n100_os0.2_r6_uniform_02.alb,100,17,6,uniform,4243306038,0.2,0.2006,222,5037
n100_os0.2_r6_uniform_03,n100_os0.2_r6_uniform,instances_pilot/n100_os0.2_r6_uniform/n100_os0.2_r6_uniform_03.alb,100,17,6,uniform,2347533984,0.2,0.2008,196,5435
n100_os0.2_r6_uniform_04,n100_os0.2_r6_uniform,instances_pilot/n100_os0.2_r6_uniform/n100_os0.2_r6_uniform_04.alb,100,17,6,uniform,361239299,0.2,0.2006,235,5234
n100_os0.6_r3_uniform_00,n100_os0.6_r3_uniform,instances_pilot/n100_os0.6_r3_uniform/n100_os0.6_r3_uniform_00.alb,100,33,3,uniform,2048848963,0.6,0.6,436,4388
n100_os0.6_r3_uniform_01,n100_os0.6_r3_uniform,instances_pilot/n100_os0.6_r3_uniform/n100_os0.6_r3_uniform_01.alb,100,33,3,uniform,219792597,0.6,0.6022,415,5135
n100_os0.6_r3_uniform_02,n100_os0.6_r3_uniform,instances_pilot/n100_os0.6_r3_uniform/n100_os0.6_r3_uniform_02.alb,100,33,3,uniform,2484114799,0.6,0.6002,412,5136
n100_os0.6_r3_uniform_03,n100_os0.6_r3_uniform,instances_pilot/n100_os0.6_r3_uniform/n100_os0.6_r3_uniform_03.alb,100,33,3,uniform,3809977849,0.6,0.6024,422,4909
n100_os0.6_r3_uniform_04,n100_os0.6_r3_uniform,instances_pilot/n100_os0.6_r3_uniform/n100_os0.6_r3_uniform_04.alb,100,33,3,uniform,2104701018,0.6,0.6024,426,4586
n100_os0.6_r6_uniform_00,n100_os0.6_r6_uniform,instances_pilot/n100_os0.6_r6_uniform/n100_os0.6_r6_uniform_00.alb,100,17,6,uniform,189356033,0.6,0.6,415,4592
n100_os0.6_r6_uniform_01,n100_os0.6_r6_uniform,instances_pilot/n100_os0.6_r6_uniform/n100_os0.6_r6_uniform_01.alb,100,17,6,uniform,2085513367,0.6,0.6,441,4586
n100_os0.6_r6_uniform_02,n100_os0.6_r6_uniform,instances_pilot/n100_os0.6_r6_uniform/n100_os0.6_r6_uniform_02.alb,100,17,6,uniform,3846650157,0.6,0.6008,428,5022
n100_os0.6_r6_uniform_03,n100_os0.6_r6_uniform,instances_pilot/n100_os0.6_r6_uniform/n100_os0.6_r6_uniform_03.alb,100,17,6,uniform,2453670331,0.6,0.6008,417,5172
n100_os0.6_r6_uniform_04,n100_os0.6_r6_uniform,instances_pilot/n100_os0.6_r6_uniform/n100_os0.6_r6_uniform_04.alb,100,17,6,uniform,203725848,0.6,0.6016,387,5153
n50_os0.9_r3_uniform_00,n50_os0.9_r3_uniform,instances_pilot/n50_os0.9_r3_uniform/n50_os0.9_r3_uniform_00.alb,50,17,3,uniform,1491760113,0.9,0.902,230,2368
n50_os0.9_r3_uniform_01,n50_os0.9_r3_uniform,instances_pilot/n50_os0.9_r3_uniform/n50_os0.9_r3_uniform_01.alb,50,17,3,uniform,804078439,0.9,0.902,236,2604
n50_os0.9_r3_uniform_02,n50_os0.9_r3_uniform,instances_pilot/n50_os0.9_r3_uniform/n50_os0.9_r3_uniform_02.alb,50,17,3,uniform,3068400349,0.9,0.9037,256,2355
n50_os0.9_r3_uniform_03,n50_os0.9_r3_uniform,instances_pilot/n50_os0.9_r3_uniform/n50_os0.9_r3_uniform_03.alb,50,17,3,uniform,3252888139,0.9,0.9078,222,2202
n50_os0.9_r3_uniform_04,n50_os0.9_r3_uniform,instances_pilot/n50_os0.9_r3_uniform/n50_os0.9_r3_uniform_04.alb,50,17,3,uniform,1602729960,0.9,0.9012,226,2851
n100_os0.9_r3_uniform_00,n100_os0.9_r3_uniform,instances_pilot/n100_os0.9_r3_uniform/n100_os0.9_r3_uniform_00.alb,100,33,3,uniform,747258037,0.9,0.9002,609,5231
n100_os0.9_r3_uniform_01,n100_os0.9_r3_uniform,instances_pilot/n100_os0.9_r3_uniform/n100_os0.9_r3_uniform_01.alb,100,33,3,uniform,1535995939,0.9,0.9018,622,5333
n100_os0.9_r3_uniform_02,n100_os0.9_r3_uniform,instances_pilot/n100_os0.9_r3_uniform/n100_os0.9_r3_uniform_02.alb,100,33,3,uniform,3263439257,0.9,0.9008,633,5123
n100_os0.9_r3_uniform_03,n100_os0.9_r3_uniform,instances_pilot/n100_os0.9_r3_uniform/n100_os0.9_r3_uniform_03.alb,100,33,3,uniform,3045265679,0.9,0.901,601,5353
n100_os0.9_r3_uniform_04,n100_os0.9_r3_uniform,instances_pilot/n100_os0.9_r3_uniform/n100_os0.9_r3_uniform_04.alb,100,33,3,uniform,736593068,0.9,0.9004,612,5346
n50_os0.2_r3_bimodal_00,n50_os0.2_r3_bimodal,instances_pilot/n50_os0.2_r3_bimodal/n50_os0.2_r3_bimodal_00.alb,50,17,3,bimodal,843626545,0.2,0.2024,89,1360
n50_os0.2_r3_bimodal_01,n50_os0.2_r3_bimodal,instances_pilot/n50_os0.2_r3_bimodal/n50_os0.2_r3_bimodal_01.alb,50,17,3,bimodal,1162840231,0.2,0.2073,78,1786
n50_os0.2_r3_bimodal_02,n50_os0.2_r3_bimodal,instances_pilot/n50_os0.2_r3_bimodal/n50_os0.2_r3_bimodal_02.alb,50,17,3,bimodal,3695630621,0.2,0.2016,92,1546
n50_os0.2_r3_bimodal_03,n50_os0.2_r3_bimodal,instances_pilot/n50_os0.2_r3_bimodal/n50_os0.2_r3_bimodal_03.alb,50,17,3,bimodal,2873223563,0.2,0.2,93,1834
n50_os0.2_r3_bimodal_04,n50_os0.2_r3_bimodal,instances_pilot/n50_os0.2_r3_bimodal/n50_os0.2_r3_bimodal_04.alb,50,17,3,bimodal,891649064,0.2,0.2057,92,1718
n50_os0.6_r3_bimodal_00,n50_os0.6_r3_bimodal,instances_pilot/n50_os0.6_r3_bimodal/n50_os0.6_r3_bimodal_00.alb,50,17,3,bimodal,736376618,0.6,0.6024,164,1794
n50_os0.6_r3_bimodal_01,n50_os0.6_r3_bimodal,instances_pilot/n50_os0.6_r3_bimodal/n50_os0.6_r3_bimodal_01.alb,50,17,3,bimodal,1558382524,0.6,0.6008,132,1602
n50_os0.6_r3_bimodal_02,n50_os0.6_r3_bimodal,instances_pilot/n50_os0.6_r3_bimodal/n50_os0.6_r3_bimodal_02.alb,50,17,3,bimodal,3320468998,0.6,0.6024,164,1441
n50_os0.6_r3_bimodal_03,n50_os0.6_r3_bimodal,instances_pilot/n50_os0.6_r3_bimodal/n50_os0.6_r3_bimodal_03.alb,50,17,3,bimodal,3001902736,0.6,0.6016,163,2307
n50_os0.6_r3_bimodal_04,n50_os0.6_r3_bimodal,instances_pilot/n50_os0.6_r3_bimodal/n50_os0.6_r3_bimodal_04.alb,50,17,3,bimodal,747238195,0.6,0.6,160,1779
n50_os0.2_r10_uniform_00,n50_os0.2_r10_uniform,instances_pilot/n50_os0.2_r10_uniform/n50_os0.2_r10_uniform_00.alb,50,5,10,uniform,3012564862,0.2,0.2057,80,2060
n50_os0.2_r10_uniform_01,n50_os0.2_r10_uniform,instances_pilot/n50_os0.2_r10_uniform/n50_os0.2_r10_uniform_01.alb,50,5,10,uniform,3298240488,0.2,0.2,78,2395
n50_os0.2_r10_uniform_02,n50_os0.2_r10_uniform,instances_pilot/n50_os0.2_r10_uniform/n50_os0.2_r10_uniform_02.alb,50,5,10,uniform,1570666066,0.2,0.2008,73,2692
n50_os0.2_r10_uniform_03,n50_os0.2_r10_uniform,instances_pilot/n50_os0.2_r10_uniform/n50_os0.2_r10_uniform_03.alb,50,5,10,uniform,714688196,0.2,0.2049,83,2488
n50_os0.2_r10_uniform_04,n50_os0.2_r10_uniform,instances_pilot/n50_os0.2_r10_uniform/n50_os0.2_r10_uniform_04.alb,50,5,10,uniform,3036533607,0.2,0.2114,92,2686
n100_os0.2_r10_uniform_00,n100_os0.2_r10_uniform,instances_pilot/n100_os0.2_r10_uniform/n100_os0.2_r10_uniform_00.alb,100,10,10,uniform,3260412612,0.2,0.2002,220,5213
n100_os0.2_r10_uniform_01,n100_os0.2_r10_uniform,instances_pilot/n100_os0.2_r10_uniform/n100_os0.2_r10_uniform_01.alb,100,10,10,uniform,3042099794,0.2,0.2053,211,5109
n100_os0.2_r10_uniform_02,n100_os0.2_r10_uniform,instances_pilot/n100_os0.2_r10_uniform/n100_os0.2_r10_uniform_02.alb,100,10,10,uniform,744199144,0.2,0.202,235,4783
n100_os0.2_r10_uniform_03,n100_os0.2_r10_uniform,instances_pilot/n100_os0.2_r10_uniform/n100_os0.2_r10_uniform_03.alb,100,10,10,uniform,1532797822,0.2,0.2006,209,4993
n100_os0.2_r10_uniform_04,n100_os0.2_r10_uniform,instances_pilot/n100_os0.2_r10_uniform/n100_os0.2_r10_uniform_04.alb,100,10,10,uniform,3308795613,0.2,0.2044,209,4564
