instance,group,bound_semplice,bound_ricorsivo
n20_os0.9_r3_uniform_00,n20_os0.9_r3_uniform,117,135
n20_os0.9_r3_uniform_01,n20_os0.9_r3_uniform,171,176
n20_os0.9_r3_uniform_02,n20_os0.9_r3_uniform,126,137
n20_os0.9_r3_uniform_03,n20_os0.9_r3_uniform,155,161
n20_os0.9_r3_uniform_04,n20_os0.9_r3_uniform,160,173
n20_os0.9_r3_uniform_05,n20_os0.9_r3_uniform,116,126
n20_os0.9_r3_uniform_06,n20_os0.9_r3_uniform,178,181
n20_os0.9_r3_uniform_07,n20_os0.9_r3_uniform,178,185
n20_os0.9_r3_uniform_08,n20_os0.9_r3_uniform,111,120
n20_os0.9_r3_uniform_09,n20_os0.9_r3_uniform,176,189
n20_os0.9_r3_uniform_10,n20_os0.9_r3_uniform,160,173
n20_os0.9_r3_uniform_11,n20_os0.9_r3_uniform,112,114
n20_os0.9_r3_uniform_13,n20_os0.9_r3_uniform,145,153
n20_os0.9_r3_uniform_14,n20_os0.9_r3_uniform,133,143
n20_os0.9_r3_uniform_15,n20_os0.9_r3_uniform,188,200
n20_os0.9_r3_uniform_16,n20_os0.9_r3_uniform,163,179
n20_os0.9_r3_uniform_17,n20_os0.9_r3_uniform,157,178
n20_os0.9_r3_uniform_18,n20_os0.9_r3_uniform,118,121
n20_os0.9_r3_uniform_19,n20_os0.9_r3_uniform,181,191
n20_os0.9_r3_uniform_20,n20_os0.9_r3_uniform,128,143
n20_os0.9_r3_uniform_21,n20_os0.9_r3_uniform,158,167
n20_os0.9_r3_uniform_22,n20_os0.9_r3_uniform,179,190
n20_os0.9_r3_uniform_23,n20_os0.9_r3_uniform,134,135
n20_os0.9_r3_uniform_24,n20_os0.9_r3_uniform,127,132
n20_os0.9_r6_uniform_02,n20_os0.9_r6_uniform,316,319
n20_os0.9_r6_uniform_04,n20_os0.9_r6_uniform,409,439
n20_os0.9_r6_uniform_08,n20_os0.9_r6_uniform,323,328
n20_os0.9_r6_uniform_09,n20_os0.9_r6_uniform,351,362
n20_os0.9_r6_uniform_12,n20_os0.9_r6_uniform,356,370
n20_os0.9_r6_uniform_15,n20_os0.9_r6_uniform,348,360
n20_os0.9_r6_uniform_17,n20_os0.9_r6_uniform,343,346
n20_os0.9_r6_uniform_19,n20_os0.9_r6_uniform,330,338
n20_os0.9_r6_uniform_20,n20_os0.9_r6_uniform,365,370
n20_os0.9_r6_uniform_24,n20_os0.9_r6_uniform,309,320
n20_os0.9_r10_uniform_02,n20_os0.9_r10_uniform,378,384
n20_os0.9_r10_uniform_06,n20_os0.9_r10_uniform,529,544
n50_os0.9_r3_uniform_00,n50_os0.9_r3_uniform,140,144
n50_os0.9_r3_uniform_01,n50_os0.9_r3_uniform,154,156
n50_os0.9_r3_uniform_02,n50_os0.9_r3_uniform,139,140
n50_os0.9_r3_uniform_04,n50_os0.9_r3_uniform,168,171
n50_os0.9_r3_uniform_05,n50_os0.9_r3_uniform,146,148
n50_os0.9_r3_uniform_06,n50_os0.9_r3_uniform,137,139
n50_os0.9_r3_uniform_07,n50_os0.9_r3_uniform,145,146
n50_os0.9_r3_uniform_10,n50_os0.9_r3_uniform,156,160
n50_os0.9_r3_uniform_12,n50_os0.9_r3_uniform,153,160
n50_os0.9_r3_uniform_13,n50_os0.9_r3_uniform,155,158
n50_os0.9_r3_uniform_14,n50_os0.9_r3_uniform,164,167
n50_os0.9_r3_uniform_15,n50_os0.9_r3_uniform,128,129
n50_os0.9_r3_uniform_17,n50_os0.9_r3_uniform,136,139
n50_os0.9_r3_uniform_18,n50_os0.9_r3_uniform,138,139
n50_os0.9_r3_uniform_19,n50_os0.9_r3_uniform,158,161
n50_os0.9_r3_uniform_21,n50_os0.9_r3_uniform,156,161
n50_os0.9_r3_uniform_22,n50_os0.9_r3_uniform,147,151
n50_os0.9_r3_uniform_24,n50_os0.9_r3_uniform,137,138
n50_os0.9_r6_uniform_05,n50_os0.9_r6_uniform,276,278
n50_os0.9_r6_uniform_14,n50_os0.9_r6_uniform,304,307
n50_os0.9_r6_uniform_23,n50_os0.9_r6_uniform,339,340
n50_os0.9_r10_uniform_01,n50_os0.9_r10_uniform,414,416
n50_os0.9_r10_uniform_02,n50_os0.9_r10_uniform,520,521
n50_os0.9_r10_uniform_05,n50_os0.9_r10_uniform,499,502
