instance,group,n,m,os,tasks_per_station,time_dist,method,kind,status,objective,lower_bound,gap,time_s,build_s,n_vars,n_constraints,extra,error
n50_os0.2_r6_uniform_00,n50_os0.2_r6_uniform,50,8,0.2008,6,uniform,patterson_albracht,pli,optimal,364,364,0.0,1.306,0.027,358,133,"{""c_min"": 364, ""c_max"": 437}",
n50_os0.2_r6_uniform_00,n50_os0.2_r6_uniform,50,8,0.2008,6,uniform,bowman_white,pli,optimal,364,364,0.0,3.838,0.025,358,578,"{""c_min"": 364, ""c_max"": 437}",
n50_os0.2_r6_uniform_00,n50_os0.2_r6_uniform,50,8,0.2008,6,uniform,ritt_costa,pli,optimal,364,364,0.0,1.546,0.028,432,479,"{""c_min"": 364, ""c_max"": 437}",
n50_os0.2_r6_uniform_00,n50_os0.2_r6_uniform,50,8,0.2008,6,uniform,hoffmann,euristica,optimal,364,364,0.0,0.014,,,,"{""tried_cycle_times"": 1, ""node_limit"": 20000}",
n50_os0.2_r6_uniform_00,n50_os0.2_r6_uniform,50,8,0.2008,6,uniform,gruppi,euristica,feasible,368,364,0.010989,0.01,,,,"{""tried_cycle_times"": 5, ""n_groups"": 21, ""n_leaves"": 14}",
n50_os0.9_r3_uniform_00,n50_os0.9_r3_uniform,50,17,0.902,3,uniform,patterson_albracht,pli,optimal,155,155,0.0,5.497,0.023,391,149,"{""c_min"": 140, ""c_max"": 215}",
n50_os0.9_r3_uniform_00,n50_os0.9_r3_uniform,50,17,0.902,3,uniform,bowman_white,pli,optimal,155,155,0.0,0.796,0.031,391,707,"{""c_min"": 140, ""c_max"": 215}",
n50_os0.9_r3_uniform_00,n50_os0.9_r3_uniform,50,17,0.902,3,uniform,ritt_costa,pli,optimal,155,155,0.0,1.189,0.068,467,831,"{""c_min"": 140, ""c_max"": 215}",
n50_os0.9_r3_uniform_00,n50_os0.9_r3_uniform,50,17,0.902,3,uniform,hoffmann,euristica,feasible,156,140,0.114286,0.041,,,,"{""tried_cycle_times"": 17, ""node_limit"": 20000}",
n50_os0.9_r3_uniform_00,n50_os0.9_r3_uniform,50,17,0.902,3,uniform,gruppi,euristica,feasible,163,140,0.164286,0.044,,,,"{""tried_cycle_times"": 24, ""n_groups"": 20, ""n_leaves"": 2}",
n50_os0.2_r3_uniform_00,n50_os0.2_r3_uniform,50,17,0.2041,3,uniform,patterson_albracht,pli,feasible,150,149,0.006711,15.155,0.039,754,141,"{""c_min"": 149, ""c_max"": 213}",
n50_os0.2_r3_uniform_00,n50_os0.2_r3_uniform,50,17,0.2041,3,uniform,bowman_white,pli,feasible,151,149,0.013423,15.262,0.13,754,1169,"{""c_min"": 149, ""c_max"": 213}",
n50_os0.2_r3_uniform_00,n50_os0.2_r3_uniform,50,17,0.2041,3,uniform,ritt_costa,pli,feasible,151,149,0.013423,15.145,0.072,819,1043,"{""c_min"": 149, ""c_max"": 213}",
n50_os0.2_r3_uniform_00,n50_os0.2_r3_uniform,50,17,0.2041,3,uniform,hoffmann,euristica,feasible,152,149,0.020134,0.023,,,,"{""tried_cycle_times"": 4, ""node_limit"": 20000}",
n50_os0.2_r3_uniform_00,n50_os0.2_r3_uniform,50,17,0.2041,3,uniform,gruppi,euristica,feasible,155,149,0.040268,0.015,,,,"{""tried_cycle_times"": 7, ""n_groups"": 18, ""n_leaves"": 14}",
