group,istanze,gruppi_meglio,pari,hoffmann_meglio,differenza_media_pct,wilcoxon_p
n100_os0.2_r10_uniform,25,0,0,25,0.79,1e-05
n100_os0.2_r3_uniform,25,0,1,24,3.589,2e-05
n100_os0.2_r6_uniform,25,0,0,25,2.126,1e-05
n100_os0.6_r10_uniform,25,0,0,25,1.986,1e-05
n100_os0.6_r3_uniform,25,0,0,25,6.186,1e-05
n100_os0.6_r6_uniform,25,0,0,25,3.797,1e-05
n100_os0.9_r10_uniform,25,0,0,25,3.149,1e-05
n100_os0.9_r3_uniform,25,0,0,25,7.071,1e-05
n100_os0.9_r6_uniform,25,0,0,25,4.687,1e-05
n200_os0.2_r10_uniform,25,0,0,25,0.77,1e-05
n200_os0.2_r3_uniform,25,0,0,25,4.158,1e-05
n200_os0.2_r6_uniform,25,0,0,25,1.603,1e-05
n200_os0.6_r10_uniform,25,0,0,25,1.561,1e-05
n200_os0.6_r3_uniform,25,0,0,25,5.315,1e-05
n200_os0.6_r6_uniform,25,0,0,25,2.882,1e-05
n200_os0.9_r10_uniform,25,0,0,25,3.049,1e-05
n200_os0.9_r3_uniform,25,0,0,25,6.597,1e-05
n200_os0.9_r6_uniform,25,0,0,25,4.859,1e-05
n20_os0.2_r10_uniform,25,0,4,21,0.832,6e-05
n20_os0.2_r3_uniform,25,0,2,23,3.474,3e-05
n20_os0.2_r6_uniform,25,0,3,22,1.547,4e-05
n20_os0.6_r10_uniform,25,0,3,22,2.116,4e-05
n20_os0.6_r3_uniform,25,1,4,20,4.119,7e-05
n20_os0.6_r6_uniform,25,0,1,24,3.211,2e-05
n20_os0.9_r10_uniform,25,0,18,7,0.292,0.01715
n20_os0.9_r3_uniform,25,1,9,15,2.747,0.00058
n20_os0.9_r6_uniform,25,0,15,10,1.13,0.00501
n50_os0.2_r10_uniform,25,0,0,25,0.848,1e-05
n50_os0.2_r3_uniform,25,0,1,24,4.385,2e-05
n50_os0.2_r6_uniform,25,0,0,25,2.1,1e-05
n50_os0.6_r10_uniform,25,0,0,25,2.344,1e-05
n50_os0.6_r3_uniform,25,0,0,25,6.854,1e-05
n50_os0.6_r6_uniform,25,0,0,25,3.868,1e-05
n50_os0.9_r10_uniform,25,0,1,24,2.391,2e-05
n50_os0.9_r3_uniform,25,0,3,22,5.925,4e-05
n50_os0.9_r6_uniform,25,0,0,25,3.62,1e-05
TOTALE,900,2,65,833,3.222,0.0
