group,n,os_target,tasks_per_station,time_dist,method,istanze,scarto_medio_pct,scarto_max_pct,miglior_valore_pct,istanze_con_ottimo_dimostrato,tempo_medio_s,ottimo_noto,ottimo_raggiunto_pct,scarto_da_ottimo_pct
n50_os0.2_r3_uniform,50,0.2,3,uniform,gruppi,25,6.756,10.811,0.0,6,0.028,6,0.0,6.874
n50_os0.2_r3_uniform,50,0.2,3,uniform,hoffmann,25,2.293,7.742,8.0,6,0.029,6,0.0,1.304
n50_os0.2_r6_uniform,50,0.2,6,uniform,hoffmann,25,0.027,0.376,92.0,25,0.013,25,92.0,0.027
n50_os0.2_r6_uniform,50,0.2,6,uniform,gruppi,25,2.128,4.0,0.0,25,0.015,25,0.0,2.128
n50_os0.2_r10_uniform,50,0.2,10,uniform,hoffmann,25,0.0,0.0,100.0,25,0.011,25,100.0,0.0
n50_os0.2_r10_uniform,50,0.2,10,uniform,gruppi,25,0.848,1.961,0.0,25,0.011,25,0.0,0.848
n50_os0.6_r3_uniform,50,0.6,3,uniform,hoffmann,25,2.872,7.483,12.0,8,0.045,8,12.5,2.142
n50_os0.6_r3_uniform,50,0.6,3,uniform,gruppi,25,9.908,14.483,0.0,8,0.043,8,0.0,9.351
n20_os0.2_r3_uniform,20,0.2,3,uniform,hoffmann,25,1.167,2.762,20.0,25,0.008,25,20.0,1.167
n20_os0.2_r3_uniform,20,0.2,3,uniform,gruppi,25,4.673,10.256,0.0,25,0.005,25,0.0,4.673
n20_os0.2_r6_uniform,20,0.2,6,uniform,hoffmann,25,0.052,0.58,84.0,25,0.005,25,84.0,0.052
n20_os0.2_r6_uniform,20,0.2,6,uniform,gruppi,25,1.6,5.362,12.0,25,0.003,25,12.0,1.6
n20_os0.2_r10_uniform,20,0.2,10,uniform,hoffmann,25,0.0,0.0,100.0,25,0.004,25,100.0,0.0
n20_os0.2_r10_uniform,20,0.2,10,uniform,gruppi,25,0.832,2.597,16.0,25,0.003,25,16.0,0.832
n20_os0.6_r3_uniform,20,0.6,3,uniform,hoffmann,25,1.201,5.66,48.0,25,0.009,25,48.0,1.201
n20_os0.6_r3_uniform,20,0.6,3,uniform,gruppi,25,5.377,16.049,8.0,25,0.007,25,8.0,5.377
n20_os0.6_r6_uniform,20,0.6,6,uniform,hoffmann,25,0.029,0.722,96.0,25,0.008,25,96.0,0.029
n20_os0.6_r6_uniform,20,0.6,6,uniform,gruppi,25,3.24,12.893,4.0,25,0.006,25,4.0,3.24
n20_os0.6_r10_uniform,20,0.6,10,uniform,hoffmann,25,0.0,0.0,100.0,25,0.008,25,100.0,0.0
n20_os0.6_r10_uniform,20,0.6,10,uniform,gruppi,25,2.116,9.43,12.0,25,0.006,25,12.0,2.116
n20_os0.9_r3_uniform,20,0.9,3,uniform,hoffmann,25,0.28,5.426,92.0,25,0.009,25,92.0,0.28
n20_os0.9_r3_uniform,20,0.9,3,uniform,gruppi,25,3.026,10.811,32.0,25,0.009,25,32.0,3.026
n20_os0.9_r6_uniform,20,0.9,6,uniform,hoffmann,25,0.0,0.0,100.0,25,0.008,25,100.0,0.0
n20_os0.9_r6_uniform,20,0.9,6,uniform,gruppi,25,1.13,7.143,60.0,25,0.008,25,60.0,1.13
n20_os0.9_r10_uniform,20,0.9,10,uniform,hoffmann,25,0.0,0.0,100.0,25,0.007,25,100.0,0.0
n20_os0.9_r10_uniform,20,0.9,10,uniform,gruppi,25,0.292,1.712,72.0,25,0.006,25,72.0,0.292
n50_os0.6_r6_uniform,50,0.6,6,uniform,hoffmann,25,0.109,0.333,64.0,25,0.028,25,64.0,0.109
n50_os0.6_r6_uniform,50,0.6,6,uniform,gruppi,25,3.981,8.411,0.0,25,0.028,25,0.0,3.981
n50_os0.6_r10_uniform,50,0.6,10,uniform,hoffmann,25,0.023,0.202,88.0,25,0.027,25,88.0,0.023
n50_os0.6_r10_uniform,50,0.6,10,uniform,gruppi,25,2.367,5.872,0.0,25,0.029,25,0.0,2.367
n50_os0.9_r3_uniform,50,0.9,3,uniform,hoffmann,25,1.265,8.0,48.0,25,0.04,25,48.0,1.265
n50_os0.9_r3_uniform,50,0.9,3,uniform,gruppi,25,7.249,15.541,0.0,25,0.045,25,0.0,7.249
n50_os0.9_r6_uniform,50,0.9,6,uniform,hoffmann,25,0.183,1.786,84.0,25,0.039,25,84.0,0.183
n50_os0.9_r6_uniform,50,0.9,6,uniform,gruppi,25,3.811,6.623,0.0,25,0.037,25,0.0,3.811
n50_os0.9_r10_uniform,50,0.9,10,uniform,hoffmann,25,0.0,0.0,100.0,25,0.036,25,100.0,0.0
n50_os0.9_r10_uniform,50,0.9,10,uniform,gruppi,25,2.391,6.695,4.0,25,0.033,25,4.0,2.391
n100_os0.2_r3_uniform,100,0.2,3,uniform,hoffmann,25,1.345,4.43,80.0,4,0.066,4,100.0,0.0
n100_os0.2_r3_uniform,100,0.2,3,uniform,gruppi,25,4.969,7.643,0.0,4,0.059,4,0.0,4.611
n100_os0.2_r6_uniform,100,0.2,6,uniform,hoffmann,25,0.012,0.305,100.0,24,0.036,24,100.0,0.0
n100_os0.2_r6_uniform,100,0.2,6,uniform,gruppi,25,2.138,3.344,0.0,24,0.05,24,0.0,2.125
n100_os0.2_r10_uniform,100,0.2,10,uniform,hoffmann,25,0.0,0.0,100.0,25,0.043,25,100.0,0.0
n100_os0.2_r10_uniform,100,0.2,10,uniform,gruppi,25,0.79,1.547,0.0,25,0.033,25,0.0,0.79
n100_os0.6_r3_uniform,100,0.6,3,uniform,hoffmann,25,2.71,5.229,32.0,0,0.119,0,,
n100_os0.6_r3_uniform,100,0.6,3,uniform,gruppi,25,9.051,14.045,0.0,0,0.123,0,,
n100_os0.6_r6_uniform,100,0.6,6,uniform,hoffmann,25,0.013,0.329,100.0,24,0.069,24,100.0,0.0
n100_os0.6_r6_uniform,100,0.6,6,uniform,gruppi,25,3.81,6.689,0.0,24,0.092,24,0.0,3.818
n100_os0.6_r10_uniform,100,0.6,10,uniform,hoffmann,25,0.0,0.0,100.0,25,0.062,25,100.0,0.0
n100_os0.6_r10_uniform,100,0.6,10,uniform,gruppi,25,1.986,3.488,0.0,25,0.075,25,0.0,1.986
n100_os0.9_r3_uniform,100,0.9,3,uniform,hoffmann,25,1.905,4.938,24.0,21,0.165,21,19.048,1.944
n100_os0.9_r3_uniform,100,0.9,3,uniform,gruppi,25,9.094,15.0,0.0,21,0.179,21,0.0,9.115
n100_os0.9_r6_uniform,100,0.9,6,uniform,hoffmann,25,0.519,1.299,24.0,25,0.192,25,24.0,0.519
n100_os0.9_r6_uniform,100,0.9,6,uniform,gruppi,25,5.227,7.348,0.0,25,0.186,25,0.0,5.227
n100_os0.9_r10_uniform,100,0.9,10,uniform,hoffmann,25,0.053,0.329,76.0,25,0.15,25,76.0,0.053
n100_os0.9_r10_uniform,100,0.9,10,uniform,gruppi,25,3.204,5.882,0.0,25,0.133,25,0.0,3.204
n200_os0.2_r3_uniform,200,0.2,3,uniform,hoffmann,25,0.814,2.667,96.0,7,0.163,7,100.0,0.0
n200_os0.2_r3_uniform,200,0.2,3,uniform,gruppi,25,5.001,6.849,0.0,7,0.213,7,0.0,4.946
n200_os0.2_r6_uniform,200,0.2,6,uniform,hoffmann,25,0.0,0.0,100.0,25,0.109,25,100.0,0.0
n200_os0.2_r6_uniform,200,0.2,6,uniform,gruppi,25,1.603,2.188,0.0,25,0.146,25,0.0,1.603
n200_os0.2_r10_uniform,200,0.2,10,uniform,hoffmann,25,0.0,0.0,100.0,25,0.125,25,100.0,0.0
n200_os0.2_r10_uniform,200,0.2,10,uniform,gruppi,25,0.77,1.207,0.0,25,0.112,25,0.0,0.77
n200_os0.6_r3_uniform,200,0.6,3,uniform,hoffmann,25,1.801,4.698,88.0,0,0.358,0,,
n200_os0.6_r3_uniform,200,0.6,3,uniform,gruppi,25,7.204,9.434,0.0,0,0.385,0,,
n200_os0.6_r6_uniform,200,0.6,6,uniform,hoffmann,25,0.0,0.0,100.0,25,0.275,25,100.0,0.0
n200_os0.6_r6_uniform,200,0.6,6,uniform,gruppi,25,2.882,4.096,0.0,25,0.335,25,0.0,2.882
n200_os0.6_r10_uniform,200,0.6,10,uniform,hoffmann,25,0.0,0.0,100.0,25,0.331,25,100.0,0.0
n200_os0.6_r10_uniform,200,0.6,10,uniform,gruppi,25,1.561,2.742,0.0,25,0.342,25,0.0,1.561
n200_os0.9_r3_uniform,200,0.9,3,uniform,hoffmann,25,4.542,6.623,60.0,0,0.639,0,,
n200_os0.9_r3_uniform,200,0.9,3,uniform,gruppi,25,11.428,13.423,0.0,0,0.725,0,,
n200_os0.9_r6_uniform,200,0.9,6,uniform,hoffmann,25,0.418,0.673,100.0,2,0.543,2,100.0,0.0
n200_os0.9_r6_uniform,200,0.9,6,uniform,gruppi,25,5.297,6.84,0.0,2,0.608,2,0.0,5.711
n200_os0.9_r10_uniform,200,0.9,10,uniform,hoffmann,25,0.041,0.222,88.0,23,0.505,23,86.957,0.027
n200_os0.9_r10_uniform,200,0.9,10,uniform,gruppi,25,3.091,4.184,0.0,23,0.579,23,0.0,3.11
