group,n,os_target,tasks_per_station,time_dist,method,istanze,ottimi_pct,tempo_medio_s,gap_medio_pct,senza_soluzione
n50_os0.2_r3_uniform,50,0.2,3,uniform,patterson_albracht,25,12.0,161.08,0.84,0
n50_os0.2_r3_uniform,50,0.2,3,uniform,ritt_costa,25,16.0,163.67,0.81,0
n50_os0.2_r6_uniform,50,0.2,6,uniform,patterson_albracht,25,100.0,1.33,0.0,0
n50_os0.2_r6_uniform,50,0.2,6,uniform,ritt_costa,25,100.0,2.32,0.0,0
n50_os0.2_r10_uniform,50,0.2,10,uniform,patterson_albracht,25,100.0,0.27,0.0,0
n50_os0.2_r10_uniform,50,0.2,10,uniform,ritt_costa,25,100.0,0.27,0.0,0
n50_os0.6_r3_uniform,50,0.6,3,uniform,patterson_albracht,25,16.0,162.53,1.21,0
n50_os0.6_r3_uniform,50,0.6,3,uniform,ritt_costa,25,28.0,144.77,0.88,0
n20_os0.2_r3_uniform,20,0.2,3,uniform,patterson_albracht,25,100.0,1.03,0.0,0
n20_os0.2_r3_uniform,20,0.2,3,uniform,ritt_costa,25,100.0,0.64,0.0,0
n20_os0.2_r6_uniform,20,0.2,6,uniform,patterson_albracht,25,100.0,0.04,0.0,0
n20_os0.2_r6_uniform,20,0.2,6,uniform,ritt_costa,25,100.0,0.05,0.0,0
n20_os0.2_r10_uniform,20,0.2,10,uniform,patterson_albracht,25,100.0,0.02,0.0,0
n20_os0.2_r10_uniform,20,0.2,10,uniform,ritt_costa,25,100.0,0.02,0.0,0
n20_os0.6_r3_uniform,20,0.6,3,uniform,patterson_albracht,25,100.0,0.09,0.0,0
n20_os0.6_r3_uniform,20,0.6,3,uniform,ritt_costa,25,100.0,0.11,0.0,0
n20_os0.6_r6_uniform,20,0.6,6,uniform,patterson_albracht,25,100.0,0.02,0.0,0
n20_os0.6_r6_uniform,20,0.6,6,uniform,ritt_costa,25,100.0,0.03,0.0,0
n20_os0.6_r10_uniform,20,0.6,10,uniform,patterson_albracht,25,100.0,0.01,0.0,0
n20_os0.6_r10_uniform,20,0.6,10,uniform,ritt_costa,25,100.0,0.02,0.0,0
n20_os0.9_r3_uniform,20,0.9,3,uniform,patterson_albracht,25,100.0,0.02,0.0,0
n20_os0.9_r3_uniform,20,0.9,3,uniform,ritt_costa,25,100.0,0.05,0.0,0
n20_os0.9_r6_uniform,20,0.9,6,uniform,patterson_albracht,25,100.0,0.01,0.0,0
n20_os0.9_r6_uniform,20,0.9,6,uniform,ritt_costa,25,100.0,0.01,0.0,0
n20_os0.9_r10_uniform,20,0.9,10,uniform,patterson_albracht,25,100.0,0.01,0.0,0
n20_os0.9_r10_uniform,20,0.9,10,uniform,ritt_costa,25,100.0,0.01,0.0,0
n50_os0.6_r6_uniform,50,0.6,6,uniform,patterson_albracht,25,100.0,6.39,0.0,0
n50_os0.6_r6_uniform,50,0.6,6,uniform,ritt_costa,25,96.0,12.4,0.01,0
n50_os0.6_r10_uniform,50,0.6,10,uniform,patterson_albracht,25,100.0,0.36,0.0,0
n50_os0.6_r10_uniform,50,0.6,10,uniform,ritt_costa,25,100.0,0.37,0.0,0
n50_os0.9_r3_uniform,50,0.9,3,uniform,patterson_albracht,25,100.0,3.13,0.0,0
n50_os0.9_r3_uniform,50,0.9,3,uniform,ritt_costa,25,100.0,0.91,0.0,0
n50_os0.9_r6_uniform,50,0.9,6,uniform,patterson_albracht,25,100.0,0.14,0.0,0
n50_os0.9_r6_uniform,50,0.9,6,uniform,ritt_costa,25,100.0,0.13,0.0,0
n50_os0.9_r10_uniform,50,0.9,10,uniform,patterson_albracht,25,100.0,0.04,0.0,0
n50_os0.9_r10_uniform,50,0.9,10,uniform,ritt_costa,25,100.0,0.05,0.0,0
n100_os0.2_r3_uniform,100,0.2,3,uniform,patterson_albracht,25,0.0,180.38,1.5,0
n100_os0.2_r3_uniform,100,0.2,3,uniform,ritt_costa,25,0.0,181.21,1.6,0
n100_os0.2_r6_uniform,100,0.2,6,uniform,patterson_albracht,25,56.0,106.1,0.16,0
n100_os0.2_r6_uniform,100,0.2,6,uniform,ritt_costa,25,52.0,106.5,0.18,0
n100_os0.2_r10_uniform,100,0.2,10,uniform,patterson_albracht,25,100.0,4.62,0.0,0
n100_os0.2_r10_uniform,100,0.2,10,uniform,ritt_costa,25,100.0,5.33,0.0,0
n100_os0.6_r3_uniform,100,0.6,3,uniform,patterson_albracht,25,0.0,180.29,2.2,0
n100_os0.6_r3_uniform,100,0.6,3,uniform,ritt_costa,25,0.0,180.94,2.33,0
n100_os0.6_r6_uniform,100,0.6,6,uniform,patterson_albracht,25,32.0,133.31,0.23,0
n100_os0.6_r6_uniform,100,0.6,6,uniform,ritt_costa,25,44.0,125.96,0.19,0
n100_os0.6_r10_uniform,100,0.6,10,uniform,patterson_albracht,25,100.0,3.54,0.0,0
n100_os0.6_r10_uniform,100,0.6,10,uniform,ritt_costa,25,100.0,6.89,0.0,0
n100_os0.9_r3_uniform,100,0.9,3,uniform,patterson_albracht,25,12.0,167.9,2.05,0
n100_os0.9_r3_uniform,100,0.9,3,uniform,ritt_costa,25,84.0,74.65,0.22,0
n100_os0.9_r6_uniform,100,0.9,6,uniform,patterson_albracht,25,100.0,41.31,0.0,0
n100_os0.9_r6_uniform,100,0.9,6,uniform,ritt_costa,25,100.0,6.31,0.0,0
n100_os0.9_r10_uniform,100,0.9,10,uniform,patterson_albracht,25,100.0,1.41,0.0,0
n100_os0.9_r10_uniform,100,0.9,10,uniform,ritt_costa,25,100.0,0.74,0.0,0
n200_os0.2_r3_uniform,200,0.2,3,uniform,patterson_albracht,25,0.0,181.33,2.35,0
n200_os0.2_r3_uniform,200,0.2,3,uniform,ritt_costa,25,0.0,188.14,3.66,0
n200_os0.2_r6_uniform,200,0.2,6,uniform,patterson_albracht,25,0.0,180.76,0.48,0
n200_os0.2_r6_uniform,200,0.2,6,uniform,ritt_costa,25,0.0,182.4,0.94,0
n200_os0.2_r10_uniform,200,0.2,10,uniform,patterson_albracht,25,88.0,77.74,0.02,0
n200_os0.2_r10_uniform,200,0.2,10,uniform,ritt_costa,25,44.0,136.05,0.13,0
n200_os0.6_r3_uniform,200,0.6,3,uniform,patterson_albracht,25,0.0,180.85,2.81,0
n200_os0.6_r3_uniform,200,0.6,3,uniform,ritt_costa,25,0.0,186.55,4.21,0
n200_os0.6_r6_uniform,200,0.6,6,uniform,patterson_albracht,25,0.0,180.53,0.82,0
n200_os0.6_r6_uniform,200,0.6,6,uniform,ritt_costa,25,0.0,181.6,0.88,0
n200_os0.6_r10_uniform,200,0.6,10,uniform,patterson_albracht,25,44.0,127.9,0.12,0
n200_os0.6_r10_uniform,200,0.6,10,uniform,ritt_costa,25,56.0,129.74,0.09,0
n200_os0.9_r3_uniform,200,0.9,3,uniform,patterson_albracht,25,0.0,180.7,5.3,0
n200_os0.9_r3_uniform,200,0.9,3,uniform,ritt_costa,25,0.0,183.74,4.88,0
n200_os0.9_r6_uniform,200,0.9,6,uniform,patterson_albracht,25,0.0,180.3,1.2,0
n200_os0.9_r6_uniform,200,0.9,6,uniform,ritt_costa,25,0.0,180.8,0.92,0
n200_os0.9_r10_uniform,200,0.9,10,uniform,patterson_albracht,25,40.0,132.8,0.15,0
n200_os0.9_r10_uniform,200,0.9,10,uniform,ritt_costa,25,80.0,74.5,0.04,0
