method,n,istanze,ottimi_pct,scarto_medio_pct,scarto_max_pct,miglior_valore_pct,tempo_medio_s,ottimo_noto,ottimo_raggiunto_pct,scarto_da_ottimo_pct
patterson_albracht,tutti,900,63.89,0.53,8.63,75.22,71.62,719,83.03,0.1
ritt_costa,tutti,900,66.67,0.61,6.62,74.78,68.27,719,83.59,0.13
hoffmann,tutti,900,43.11,0.66,8.0,77.89,0.12,719,82.06,0.26
gruppi,tutti,900,1.67,3.91,16.05,6.11,0.13,719,7.65,3.01
patterson_albracht,20,225,100.0,0.0,0.0,100.0,0.14,225,100.0,0.0
ritt_costa,20,225,100.0,0.0,0.0,100.0,0.1,225,100.0,0.0
hoffmann,20,225,34.67,0.3,5.66,82.22,0.01,225,82.22,0.3
gruppi,20,225,6.67,2.48,16.05,24.0,0.01,225,24.0,2.48
patterson_albracht,50,225,80.89,0.19,3.5,96.44,37.25,189,98.41,0.01
ritt_costa,50,225,82.22,0.18,2.8,97.33,36.1,189,98.41,0.01
hoffmann,50,225,35.56,0.75,8.0,66.22,0.03,189,76.72,0.34
gruppi,50,225,0.0,4.38,15.54,0.44,0.03,189,0.53,3.63
patterson_albracht,100,225,55.56,0.48,2.68,76.0,90.99,173,82.08,0.08
ritt_costa,100,225,64.44,0.5,3.36,75.56,76.5,173,83.82,0.08
hoffmann,100,225,45.78,0.73,5.23,70.67,0.1,173,75.72,0.32
gruppi,100,225,0.0,4.47,15.0,0.0,0.1,173,0.0,3.66
patterson_albracht,200,225,19.11,1.45,8.63,28.44,158.1,132,33.33,0.41
ritt_costa,200,225,20.0,1.75,6.62,26.22,160.39,132,34.09,0.59
hoffmann,200,225,56.44,0.85,6.62,92.44,0.34,132,97.73,0.0
gruppi,200,225,0.0,4.32,13.42,0.0,0.38,132,0.0,2.18
